12
P001,Huy,Bui,123 Main Street,New York City,NY,90210,US,huybui0@gmail.com,huybui1@gmail.com
P002,Michael,Johnson,456 Elm Avenue,Los Angeles,CA,10001,US,michaeljohnson0@yahoo.com,michaeljohnson1@yahoo.com,michaeljohnson2@yahoo.com
P003,Jessica,Williams,789 Pine Drive,Chicago,IL,60610,US,jessicawilliams0@outlook.com,jessicawilliams1@outlook.com
P004,William,Brown,1010 Oak Street,Houston,TX,75001,US,williambrown0@gmail.com,williambrown1@gmail.com,williambrown2@gmail.com,williambrown3@gmail.com
P005,Samantha,Jones,1111 Maple Road,Phoenix,AZ,85001,US,samanthajones0@yahoo.com,samanthajones1@yahoo.com
P006,Christopher,Garcia,1313 Cedar Lane,Philadelphia,PA,19102,US,christophergarcia0@outlook.com,christophergarcia1@outlook.com,christophergarcia2@outlook.com,christophergarcia3@outlook.com
P007,Elizabeth,Miller,1414 Birch Court,San Antonio,TX,78205,US,elizabethmiller0@gmail.com,elizabethmiller1@gmail.com,,elizabethmiller3@gmail.com
P008,Joshua,Davis,1515 Spruce Terrace,San Diego,CA,92101,US,joshuadavis0@yahoo.com,joshuadavis1@yahoo.com,joshuadavis2@yahoo.com
P009,Emily,Rodriguez,1616 Walnut Boulevard,Dallas,TX,75201,US,emilyrodriguez0@outlook.com,emilyrodriguez1@outlook.com,,emilyrodriguez3@outlook.com
P010,David,Martinez,1717 Poplar Avenue,San Jose,CA,94102,US,davidmartinez0@gmail.com,davidmartinez1@gmail.com,davidmartinez2@gmail.com
P011,Ashley,Hernandez,1818 Chestnut Lane,Austin,TX,78701,US,ashleyhernandez0@yahoo.com,ashleyhernandez1@yahoo.com,ashleyhernandez2@yahoo.com
P012,James,Wilson,1919 Ash Street,Jacksonville,FL,32202,US,jameswilson0@outlook.com